src,total count,occur pcnt,sources
!E,1,0.01640958319658681,W10010IA10010D10010GB10010OV10010ER10010Y10010C~10010U210010I10010
W,100,1,0
IA,100,1,0
D,100,1,0
GB,100,1,0
OV,100,1,0
ER,100,1,0
Y,100,1,0
C~,100,1,0
U2,100,1,0
I,100,1,0
#W,1,0.01640958319658681, 10010
 ,100,1,0
.E,1,0.01640958319658681,U210010TV10010BR10010CN10010
U2,100,1,0
TV,100,1,0
BR,100,1,0
CN,100,1,0